[
  {
    "AddressLine1": "2937",
    "AddressLine2": "Shahpur",
    "AddressLine3": "Ahmedabad-1",
    "assignments": [
      {
        "ActionCode": "1",
        "ActionReasonCode": "1",
        "ActualTerminationDate": "10/11/2022",
        "AssignmentCategory": "Design",
        "assignmentDFF": ["abc"],
        "assignmentExtraInformation": ["NodeJs"],
        "AssignmentId": 1,
        "AssignmentName": "Day01",
        "AssignmentNumber": "A1",
        "AssignmentProjectedEndDate": "10/11/2022",
        "AssignmentStatus": "Resolved",
        "AssignmentStatusTypeId": "3",
        "BusinessUnitId": "1",
        "CreationDate": "29/10/2021",
        "DefaultExpenseAccount": "ACC123",
        "DepartmentId": 14,
        "EffectiveEndDate": "09/11/2022",
        "EffectiveStartDate": "09/11/2022",
        "empreps": ["N/A"],
        "EndTime": "12:00",
        "Frequency": "hz",
        "FullPartTime": "Full",
        "GradeId": 6,
        "GradeLadderId": 7,
        "JobId": 8,
        "LastUpdateDate": "29/10/2021",
        "LegalEntityId": 1,
        "links": ["N/A"],
        "LocationId": 123456789,
        "ManagerAssignmentId": 21,
        "ManagerId": 14
      }
    ],
    "CitizenshipId": 1,
    "CitizenshipLegislationCode": "NS14",
    "CitizenshipStatus": "Indian",
    "CitizenshipToDate": "11/02/1998",
    "City": "Ahmedabad",
    "CorrespondenceLanguage": "Gujarati",
    "Country": "India",
    "CreationDate": "29/10/2021",
    "DateOfBirth": "11/02/1998",
    "directReports": ["NA"],
    "DisplayName": "Mr.Sagar",
    "DriversLicenseExpirationDate": "27/02/2022",
    "DriversLicenseId": "12346914",
    "DriversLicenseIssuingCountry": "India",
    "EffectiveStartDate": "29/08/2021",
    "Ethnicity": "Indian",
    "EmployeeId": 1,
    "FirstName": "Sagar",
    "Gender": "Male",
    "HireDate": "03/08/2021",
    "HomeFaxAreaCode": "B412",
    "HomeFaxCountryCode": "INR234",
    "HomeFaxExtension": "exe",
    "HomeFaxLegislationCode": "B4U",
    "HomeFaxNumber": "26782678",
    "HomePhoneAreaCode": "12345678",
    "HomePhoneCountryCode": "12345678",
    "HomePhoneExtension": "call",
    "HomePhoneLegislationCode": "A234",
    "HomePhoneNumber": "7359411074",
    "Honors": "Mr.",
    "LastName": "Bhatt",
    "LastUpdateDate": "29/10/2021",
    "LegalEntityId": 1,
    "LicenseNumber": "GJ011414204",
    "links": ["NA"],
    "MaritalStatus": "Single",
    "MiddleName": "J.",
    "MilitaryVetStatus": "N/A",
    "NameSuffix": "I",
    "NationalId": "123456",
    "NationalIdCountry": "Indian"
  }
]
